{
    "empleados": [
        {
            "id": 1,
            "nombre": "celia",
            "puesto": 1,
            "departamento": 1,
            "salario": 500
        },
        {
            "id": 2,
            "nombre": "juanfri",
            "puesto": 2,
            "departamento": 5,
            "salario": 496
        },
        {
            "id": 3,
            "nombre": "Pepe",
            "puesto": 3,
            "departamento": 16,
            "salario": 4500
        }  ,{
            "id": 4,
            "nombre": "Juanfri",
            "puesto": 5,
            "departamento": 16,
            "salario": 4500
        }  ,{
            "id": 5,
            "nombre": "Marcos",
            "puesto": 3,
            "departamento": 13,
            "salario": 45000
        }
    ]
}